Age,Salary,Experience
0.0,0.0,0.0
0.19999999999999996,0.25,0.2222222222222222
0.40000000000000013,0.5,0.4444444444444445
0.6000000000000001,0.75,0.6666666666666665
0.1200000000000001,0.375,0.1111111111111111
0.28,0.55,0.3333333333333333
0.8,0.875,0.7777777777777777
1.0,1.0,1.0
