PC1,PC2
1.0864324182297496,-0.2235236352840023
-2.3089371985091423,0.17808081613290694
1.2419189462536506,0.5015090029632691
0.3407824747521454,0.1699186416851345
2.184290028215823,-0.2647582457446686
1.1607394647033111,0.23048081800514017
-0.09260467330666261,-0.45331720978146356
-1.4821077734811987,0.05566672412190072
-0.5672264318261376,0.02130454873801136
-1.563287255031538,-0.2153614608362289
