Name,Age,Gender,Salary
0.0,0.0,1.0,0.7
0.3333333333333333,0.41666666666666696,0.0,1.0
0.6666666666666666,0.25,1.0,0.6
1.0,1.0,1.0,0.0
