Age,Salary,Experience
-1.3055310864882592,-1.7297136714246288,-1.3719886811400706
-0.6911635163761372,-0.9251956847154991,-0.6859943405700353
-0.07679594626401524,-0.12067769800636945,0.0
0.5375716238481067,0.6838402887027601,0.6859943405700353
-0.936910544420986,-0.5229366913609342,-1.028991510855053
-0.4454164883312884,0.040225899335456484,-0.34299717028501764
1.1519391939602286,1.086099282057325,1.028991510855053
1.7663067640723507,1.4883582754118898,1.7149858514250882
